category,slug,source_archive,file_name,type,size_bytes
Christmas Snow Globe,window-lantern,Aomil christmas snow globe窗户小扁灯(1).zip,1.jpg,image,1058525
Christmas Snow Globe,window-lantern,Aomil christmas snow globe窗户小扁灯(1).zip,2.jpg,image,869802
Christmas Snow Globe,window-lantern,Aomil christmas snow globe窗户小扁灯(1).zip,2.mp4,video,143977436
Christmas Snow Globe,window-lantern,Aomil christmas snow globe窗户小扁灯(1).zip,3.jpg,image,1570302
Christmas Snow Globe,window-lantern,Aomil christmas snow globe窗户小扁灯(1).zip,4.jpg,image,1153795
Christmas Snow Globe,window-lantern,Aomil christmas snow globe窗户小扁灯(1).zip,5.jpg,image,1652916
Christmas Snow Globe,window-lantern,Aomil christmas snow globe窗户小扁灯(1).zip,6.jpg,image,1003626
Christmas Snow Globe,window-lantern,Aomil christmas snow globe窗户小扁灯(1).zip,7.jpg,image,1638187
Christmas Snow Globe,window-lantern,Aomil christmas snow globe窗户小扁灯(1).zip,8.jpg,image,1360981
Christmas Snow Globe,ski-candle-lantern,Aomil christmas snow globe蜡烛-滑雪(1).zip,1-1.jpg,image,395813
Christmas Snow Globe,ski-candle-lantern,Aomil christmas snow globe蜡烛-滑雪(1).zip,1.jpg,image,417947
Christmas Snow Globe,ski-candle-lantern,Aomil christmas snow globe蜡烛-滑雪(1).zip,2-1.jpg,image,994131
Christmas Snow Globe,ski-candle-lantern,Aomil christmas snow globe蜡烛-滑雪(1).zip,2.jpg,image,1032401
Christmas Snow Globe,ski-candle-lantern,Aomil christmas snow globe蜡烛-滑雪(1).zip,2635480733358ebd771a73b15e85861.jpg,image,300750
Christmas Snow Globe,ski-candle-lantern,Aomil christmas snow globe蜡烛-滑雪(1).zip,3.jpg,image,908470
Christmas Snow Globe,ski-candle-lantern,Aomil christmas snow globe蜡烛-滑雪(1).zip,4.jpg,image,1297654
Christmas Snow Globe,ski-candle-lantern,Aomil christmas snow globe蜡烛-滑雪(1).zip,5.jpg,image,2256927
Christmas Snow Globe,ski-candle-lantern,Aomil christmas snow globe蜡烛-滑雪(1).zip,6.jpg,image,1647764
Christmas Snow Globe,ski-candle-lantern,Aomil christmas snow globe蜡烛-滑雪(1).zip,7.jpg,image,816634
Christmas Snow Globe,ski-candle-lantern,Aomil christmas snow globe蜡烛-滑雪(1).zip,953970c77d5874627be05212f74e90b.jpg,image,895853
Christmas Snow Globe,ski-candle-lantern,Aomil christmas snow globe蜡烛-滑雪(1).zip,蜡烛.mp4,video,148589576
Christmas Snow Globe,santa-candle-lantern,Aomil christmas snow globe蜡烛-圣诞老人(1).zip,1600-1600-2.jpg,image,1079790
Christmas Snow Globe,santa-candle-lantern,Aomil christmas snow globe蜡烛-圣诞老人(1).zip,1600-1600-3.jpg,image,1625913
Christmas Snow Globe,santa-candle-lantern,Aomil christmas snow globe蜡烛-圣诞老人(1).zip,1600-1600-4.jpg,image,2099519
Christmas Snow Globe,santa-candle-lantern,Aomil christmas snow globe蜡烛-圣诞老人(1).zip,1600-1600-5.jpg,image,1897589
Christmas Snow Globe,santa-candle-lantern,Aomil christmas snow globe蜡烛-圣诞老人(1).zip,1600-1600-6.jpg,image,1795484
Christmas Snow Globe,santa-candle-lantern,Aomil christmas snow globe蜡烛-圣诞老人(1).zip,1600-1600.jpg,image,1375858
Christmas Snow Globe,santa-candle-lantern,Aomil christmas snow globe蜡烛-圣诞老人(1).zip,蜡烛.mp4,video,148589576
Christmas Snow Globe,new-santa-candle-lantern,蜡烛-新圣诞老人(1).zip,1-1.jpg,image,296115
Christmas Snow Globe,new-santa-candle-lantern,蜡烛-新圣诞老人(1).zip,1.jpg,image,412438
Christmas Snow Globe,new-santa-candle-lantern,蜡烛-新圣诞老人(1).zip,2-1.jpg,image,974345
Christmas Snow Globe,new-santa-candle-lantern,蜡烛-新圣诞老人(1).zip,2.jpg,image,1007828
Christmas Snow Globe,new-santa-candle-lantern,蜡烛-新圣诞老人(1).zip,3.jpg,image,876332
Christmas Snow Globe,new-santa-candle-lantern,蜡烛-新圣诞老人(1).zip,4.jpg,image,1263224
Christmas Snow Globe,new-santa-candle-lantern,蜡烛-新圣诞老人(1).zip,5.jpg,image,2245877
Christmas Snow Globe,new-santa-candle-lantern,蜡烛-新圣诞老人(1).zip,6.jpg,image,1653751
Christmas Snow Globe,new-santa-candle-lantern,蜡烛-新圣诞老人(1).zip,7.jpg,image,849740
Christmas Snow Globe,new-santa-candle-lantern,蜡烛-新圣诞老人(1).zip,蜡烛.mp4,video,148589576
Christmas Snow Globe,snowman-candle-lantern,蜡烛-雪人(1).zip,1600-1600-2.jpg,image,897614
Christmas Snow Globe,snowman-candle-lantern,蜡烛-雪人(1).zip,1600-1600-3.jpg,image,1461206
Christmas Snow Globe,snowman-candle-lantern,蜡烛-雪人(1).zip,1600-1600-4.jpg,image,2083750
Christmas Snow Globe,snowman-candle-lantern,蜡烛-雪人(1).zip,1600-1600-5.jpg,image,1656650
Christmas Snow Globe,snowman-candle-lantern,蜡烛-雪人(1).zip,1600-1600-6.jpg,image,1934013
Christmas Snow Globe,snowman-candle-lantern,蜡烛-雪人(1).zip,1600-1600..jpg,image,675398
Christmas Snow Globe,snowman-candle-lantern,蜡烛-雪人(1).zip,1600-1600.jpg,image,1344895
Christmas Snow Globe,snowman-candle-lantern,蜡烛-雪人(1).zip,1fdc90e118f58fbdfea494d4eadee89.jpg,image,1323911
Christmas Snow Globe,snowman-candle-lantern,蜡烛-雪人(1).zip,fc8f7cb82879b35ece51b236fdff3e2.jpg,image,1332686
Christmas Snow Globe,snowman-candle-lantern,蜡烛-雪人(1).zip,蜡烛.mp4,video,148589576
Christmas Tree,reindeer-christmas-tree,圣诞树-飞天鹿(2).zip,1.jpg,image,1291822
Christmas Tree,reindeer-christmas-tree,圣诞树-飞天鹿(2).zip,2.jpg,image,1321944
Christmas Tree,reindeer-christmas-tree,圣诞树-飞天鹿(2).zip,3.jpg,image,1228802
Christmas Tree,reindeer-christmas-tree,圣诞树-飞天鹿(2).zip,4.jpg,image,2023451
Christmas Tree,reindeer-christmas-tree,圣诞树-飞天鹿(2).zip,4a4c477af57da86a2a676e66ce89ced.jpg,image,1268976
Christmas Tree,reindeer-christmas-tree,圣诞树-飞天鹿(2).zip,5.jpg,image,894786
Christmas Tree,reindeer-christmas-tree,圣诞树-飞天鹿(2).zip,6.jpg,image,1266266
Christmas Tree,reindeer-christmas-tree,圣诞树-飞天鹿(2).zip,7.jpg,image,1051465
Christmas Tree,reindeer-christmas-tree,圣诞树-飞天鹿(2).zip,76fc5d0664b0f143991f17e673f3706.jpg,image,1262122
Christmas Tree,snowman-christmas-tree,圣诞树-雪人(1).zip,1.jpg,image,1201544
Christmas Tree,snowman-christmas-tree,圣诞树-雪人(1).zip,2.jpg,image,1244935
Christmas Tree,snowman-christmas-tree,圣诞树-雪人(1).zip,2d745cf44e23fe9505c08a5bc139572.jpg,image,398496
Christmas Tree,snowman-christmas-tree,圣诞树-雪人(1).zip,3.jpg,image,1242056
Christmas Tree,snowman-christmas-tree,圣诞树-雪人(1).zip,4.jpg,image,2035221
Christmas Tree,snowman-christmas-tree,圣诞树-雪人(1).zip,5.jpg,image,887509
Christmas Tree,snowman-christmas-tree,圣诞树-雪人(1).zip,6.jpg,image,1264519
Christmas Tree,snowman-christmas-tree,圣诞树-雪人(1).zip,7.jpg,image,1046465
Christmas Snow Globe,oval-fireplace-lantern,椭圆-壁炉(1).zip,1-1.jpg,image,563492
Christmas Snow Globe,oval-fireplace-lantern,椭圆-壁炉(1).zip,1.jpg,image,471217
Christmas Snow Globe,oval-fireplace-lantern,椭圆-壁炉(1).zip,2.jpg,image,1146533
Christmas Snow Globe,oval-fireplace-lantern,椭圆-壁炉(1).zip,3.jpg,image,718173
Christmas Snow Globe,oval-fireplace-lantern,椭圆-壁炉(1).zip,3.mp4,video,158495423
Christmas Snow Globe,oval-fireplace-lantern,椭圆-壁炉(1).zip,4.jpg,image,1229789
Christmas Snow Globe,oval-fireplace-lantern,椭圆-壁炉(1).zip,5.jpg,image,642515
Christmas Snow Globe,oval-fireplace-lantern,椭圆-壁炉(1).zip,6.jpg,image,1355171
Christmas Snow Globe,oval-fireplace-lantern,椭圆-壁炉(1).zip,7.jpg,image,1229392
Christmas Snow Globe,oval-reindeer-lantern,椭圆-飞天鹿(1).zip,1-1.jpg,image,620307
Christmas Snow Globe,oval-reindeer-lantern,椭圆-飞天鹿(1).zip,1.jpg,image,441891
Christmas Snow Globe,oval-reindeer-lantern,椭圆-飞天鹿(1).zip,2.jpg,image,1212447
Christmas Snow Globe,oval-reindeer-lantern,椭圆-飞天鹿(1).zip,3.jpg,image,692530
Christmas Snow Globe,oval-reindeer-lantern,椭圆-飞天鹿(1).zip,3.mp4,video,158495423
Christmas Snow Globe,oval-reindeer-lantern,椭圆-飞天鹿(1).zip,4.jpg,image,1312162
Christmas Snow Globe,oval-reindeer-lantern,椭圆-飞天鹿(1).zip,5.jpg,image,649891
Christmas Snow Globe,oval-reindeer-lantern,椭圆-飞天鹿(1).zip,6.jpg,image,1423054
Christmas Snow Globe,oval-reindeer-lantern,椭圆-飞天鹿(1).zip,7.jpg,image,1268371
Christmas Snow Globe,long-santa-lantern,长扁灯-圣诞老人(1).zip,4.mp4,video,136122275
Christmas Snow Globe,long-santa-lantern,长扁灯-圣诞老人(1).zip,71gDynqRB0L._AC_SL1500_.jpg,image,191457
Christmas Snow Globe,long-santa-lantern,长扁灯-圣诞老人(1).zip,71j+iJrkAIL._AC_SL1500_.jpg,image,223909
Christmas Snow Globe,long-santa-lantern,长扁灯-圣诞老人(1).zip,71LystbL3nL._AC_SL1500_.jpg,image,154193
Christmas Snow Globe,long-santa-lantern,长扁灯-圣诞老人(1).zip,71PSAKGa5tL._AC_SL1500_.jpg,image,192461
Christmas Snow Globe,long-santa-lantern,长扁灯-圣诞老人(1).zip,71vKdgPJ-FL._AC_SL1500_.jpg,image,232555
Christmas Snow Globe,long-santa-lantern,长扁灯-圣诞老人(1).zip,81k589DhbDL._AC_SL1500_.jpg,image,259422
Halloween Candle,orange-halloween-candle,aomil halloween candles万圣蜡烛-橙色.zip,61mqUcxlcwL._SL1500_.jpg,image,97099
Halloween Candle,orange-halloween-candle,aomil halloween candles万圣蜡烛-橙色.zip,61wGhpoR84L._SL1500_.jpg,image,97110
Halloween Candle,orange-halloween-candle,aomil halloween candles万圣蜡烛-橙色.zip,71Bf0InFbDL._SL1500_.jpg,image,164720
Halloween Candle,orange-halloween-candle,aomil halloween candles万圣蜡烛-橙色.zip,71I1d3KNPbL._SL1500_.jpg,image,206811
Halloween Candle,orange-halloween-candle,aomil halloween candles万圣蜡烛-橙色.zip,71rgxWPXfNL._SL1500_.jpg,image,192371
Halloween Candle,orange-halloween-candle,aomil halloween candles万圣蜡烛-橙色.zip,71Z1ziMoZOL._SL1500_.jpg,image,219002
Halloween Candle,orange-halloween-candle,aomil halloween candles万圣蜡烛-橙色.zip,万圣节蜡烛灯视频-陈23.mp4,video,9365116
Halloween Candle,pink-halloween-candle,aomil halloween candles万圣蜡烛-粉色(1).zip,613V9vyuxXL._AC_SL1500_.jpg,image,92807
Halloween Candle,pink-halloween-candle,aomil halloween candles万圣蜡烛-粉色(1).zip,61EoKanTGiL._AC_SL1500_.jpg,image,98886
Halloween Candle,pink-halloween-candle,aomil halloween candles万圣蜡烛-粉色(1).zip,718nOlJ2+JL._AC_SL1500_.jpg,image,186022
Halloween Candle,pink-halloween-candle,aomil halloween candles万圣蜡烛-粉色(1).zip,71JTJISW8jL._AC_SL1500_.jpg,image,183306
Halloween Candle,pink-halloween-candle,aomil halloween candles万圣蜡烛-粉色(1).zip,71PnA5NfbOL._AC_SL1500_.jpg,image,198281
Halloween Candle,pink-halloween-candle,aomil halloween candles万圣蜡烛-粉色(1).zip,71rsw7M7u3L._AC_SL1500_.jpg,image,178779
Halloween Candle,pink-halloween-candle,aomil halloween candles万圣蜡烛-粉色(1).zip,万圣节蜡烛灯视频-陈23.mp4,video,9365116
Halloween Candle,green-halloween-candle,万圣蜡烛-绿色(1).zip,617VI3eDjtL._AC_SL1500_.jpg,image,95363
Halloween Candle,green-halloween-candle,万圣蜡烛-绿色(1).zip,61ORgnbuMGL._AC_SL1500_.jpg,image,112183
Halloween Candle,green-halloween-candle,万圣蜡烛-绿色(1).zip,718rFPEWjYL._AC_SL1500_.jpg,image,203919
Halloween Candle,green-halloween-candle,万圣蜡烛-绿色(1).zip,71lUdbg3C4L._AC_SL1500_.jpg,image,199369
Halloween Candle,green-halloween-candle,万圣蜡烛-绿色(1).zip,71rgxWPXfNL._AC_SL1500_.jpg,image,192371
Halloween Candle,green-halloween-candle,万圣蜡烛-绿色(1).zip,81JtB49621L._AC_SL1500_.jpg,image,336341
Halloween Candle,green-halloween-candle,万圣蜡烛-绿色(1).zip,万圣节蜡烛灯视频-陈23.mp4,video,9365116
Tree Topper,snowflake-tree-topper,aomil christmas tree topper树顶灯-雪花图案.zip,1600-1600-2.jpg,image,1965225
Tree Topper,snowflake-tree-topper,aomil christmas tree topper树顶灯-雪花图案.zip,1600-1600-3.jpg,image,1737940
Tree Topper,snowflake-tree-topper,aomil christmas tree topper树顶灯-雪花图案.zip,1600-1600-4.jpg,image,1526312
Tree Topper,snowflake-tree-topper,aomil christmas tree topper树顶灯-雪花图案.zip,1600-1600-5.jpg,image,2127302
Tree Topper,snowflake-tree-topper,aomil christmas tree topper树顶灯-雪花图案.zip,1600-1600-6.jpg,image,1216010
Tree Topper,snowflake-tree-topper,aomil christmas tree topper树顶灯-雪花图案.zip,1600-1600..jpg,image,1704524
Tree Topper,snowflake-tree-topper,aomil christmas tree topper树顶灯-雪花图案.zip,1600-1600.jpg,image,1574345
Tree Topper,snowflake-tree-topper,aomil christmas tree topper树顶灯-雪花图案.zip,星星雪花.mp4,video,124486683
Tree Topper,star-tree-topper,Aomil christmas tree topper树顶星-五角星图案.zip,1600-1600-2.jpg,image,1738518
Tree Topper,star-tree-topper,Aomil christmas tree topper树顶星-五角星图案.zip,1600-1600-3.jpg,image,1872865
Tree Topper,star-tree-topper,Aomil christmas tree topper树顶星-五角星图案.zip,1600-1600-4.jpg,image,1736602
Tree Topper,star-tree-topper,Aomil christmas tree topper树顶星-五角星图案.zip,1600-1600-5.jpg,image,2445016
Tree Topper,star-tree-topper,Aomil christmas tree topper树顶星-五角星图案.zip,1600-1600-6.jpg,image,1686485
Tree Topper,star-tree-topper,Aomil christmas tree topper树顶星-五角星图案.zip,1600-1600.jpg,image,1719524
Tree Topper,star-tree-topper,Aomil christmas tree topper树顶星-五角星图案.zip,星星雪花.mp4,video,124486683
Tree Topper,santa-tree-topper,christmas tree topper 树顶星-圣诞老人.zip,1600-1600-2.jpg,image,1456672
Tree Topper,santa-tree-topper,christmas tree topper 树顶星-圣诞老人.zip,1600-1600-3.jpg,image,2059208
Tree Topper,santa-tree-topper,christmas tree topper 树顶星-圣诞老人.zip,1600-1600-4.jpg,image,1678795
Tree Topper,santa-tree-topper,christmas tree topper 树顶星-圣诞老人.zip,1600-1600-5.jpg,image,1921341
Tree Topper,santa-tree-topper,christmas tree topper 树顶星-圣诞老人.zip,1600-1600-63.jpg,image,1521017
Tree Topper,santa-tree-topper,christmas tree topper 树顶星-圣诞老人.zip,1600-1600..jpg,image,1893765
Tree Topper,santa-tree-topper,christmas tree topper 树顶星-圣诞老人.zip,星星雪花.mp4,video,124486683
Holiday Projector,dual-lens-projector,Aomil led projector双筒灯.zip,10通用场景.jpg,image,2514468
Holiday Projector,dual-lens-projector,Aomil led projector双筒灯.zip,1万圣主图.jpg,image,1477863
Holiday Projector,dual-lens-projector,Aomil led projector双筒灯.zip,1圣诞主图.jpg,image,1644980
Holiday Projector,dual-lens-projector,Aomil led projector双筒灯.zip,3通用附图.jpg,image,1255354
Holiday Projector,dual-lens-projector,Aomil led projector双筒灯.zip,4万圣附图.jpg,image,1255269
Holiday Projector,dual-lens-projector,Aomil led projector双筒灯.zip,4圣诞附图.jpg,image,1183331
Holiday Projector,dual-lens-projector,Aomil led projector双筒灯.zip,55a37de67f56c86cfc1cc48ccc0454f.jpg,image,1222656
Holiday Projector,dual-lens-projector,Aomil led projector双筒灯.zip,5通用附图.jpg,image,1095947
Holiday Projector,dual-lens-projector,Aomil led projector双筒灯.zip,64bc44b31766627aee2a7f269a86e83.jpg,image,942129
Holiday Projector,dual-lens-projector,Aomil led projector双筒灯.zip,6万圣附图.jpg,image,1479704
Holiday Projector,dual-lens-projector,Aomil led projector双筒灯.zip,6圣诞附图.jpg,image,2003877
Holiday Projector,dual-lens-projector,Aomil led projector双筒灯.zip,7通用尺寸图.jpg,image,348912
Holiday Projector,dual-lens-projector,Aomil led projector双筒灯.zip,8通用附图.jpg,image,1972336
Holiday Projector,dual-lens-projector,Aomil led projector双筒灯.zip,9通用安装图.jpg,image,1113536
Halloween Snow Globe,single-skeleton-lantern,aomil halloween snow globe万圣-单个骷髅.zip,1-1.jpg,image,452868
Halloween Snow Globe,single-skeleton-lantern,aomil halloween snow globe万圣-单个骷髅.zip,1-2.jpg,image,532852
Halloween Snow Globe,single-skeleton-lantern,aomil halloween snow globe万圣-单个骷髅.zip,2.jpg,image,1315672
Halloween Snow Globe,single-skeleton-lantern,aomil halloween snow globe万圣-单个骷髅.zip,2b203be2caecbc29f27ace4598cfdd7.jpg,image,343260
Halloween Snow Globe,single-skeleton-lantern,aomil halloween snow globe万圣-单个骷髅.zip,3.jpg,image,1511216
Halloween Snow Globe,single-skeleton-lantern,aomil halloween snow globe万圣-单个骷髅.zip,4.jpg,image,1345761
Halloween Snow Globe,single-skeleton-lantern,aomil halloween snow globe万圣-单个骷髅.zip,5.jpg,image,1515361
Halloween Snow Globe,single-skeleton-lantern,aomil halloween snow globe万圣-单个骷髅.zip,6.jpg,image,877138
Halloween Snow Globe,double-skeleton-lantern,万圣-2两个骷髅.zip,1-1.jpg,image,454734
Halloween Snow Globe,double-skeleton-lantern,万圣-2两个骷髅.zip,1-2.jpg,image,513144
Halloween Snow Globe,double-skeleton-lantern,万圣-2两个骷髅.zip,1.jpg,image,333831
Halloween Snow Globe,double-skeleton-lantern,万圣-2两个骷髅.zip,2.jpg,image,1285343
Halloween Snow Globe,double-skeleton-lantern,万圣-2两个骷髅.zip,3.jpg,image,1375335
Halloween Snow Globe,double-skeleton-lantern,万圣-2两个骷髅.zip,4.jpg,image,1322969
Halloween Snow Globe,double-skeleton-lantern,万圣-2两个骷髅.zip,5.jpg,image,1507800
Halloween Snow Globe,double-skeleton-lantern,万圣-2两个骷髅.zip,6.jpg,image,855442
Halloween Snow Globe,haunted-house-lantern,万圣-房子.zip,1-1.jpg,image,462880
Halloween Snow Globe,haunted-house-lantern,万圣-房子.zip,1-2.jpg,image,530692
Halloween Snow Globe,haunted-house-lantern,万圣-房子.zip,1.jpg,image,361604
Halloween Snow Globe,haunted-house-lantern,万圣-房子.zip,2.jpg,image,1299697
Halloween Snow Globe,haunted-house-lantern,万圣-房子.zip,3.jpg,image,1536965
Halloween Snow Globe,haunted-house-lantern,万圣-房子.zip,4.jpg,image,1330115
Halloween Snow Globe,haunted-house-lantern,万圣-房子.zip,5.jpg,image,1502334
Halloween Snow Globe,haunted-house-lantern,万圣-房子.zip,6.jpg,image,872703
Halloween Snow Globe,pumpkin-lantern,万圣-南瓜.zip,1-1.jpg,image,463317
Halloween Snow Globe,pumpkin-lantern,万圣-南瓜.zip,1-2.jpg,image,547028
Halloween Snow Globe,pumpkin-lantern,万圣-南瓜.zip,1.jpg,image,335605
Halloween Snow Globe,pumpkin-lantern,万圣-南瓜.zip,2.jpg,image,1318977
Halloween Snow Globe,pumpkin-lantern,万圣-南瓜.zip,3.jpg,image,1632191
Halloween Snow Globe,pumpkin-lantern,万圣-南瓜.zip,4.jpg,image,1346220
Halloween Snow Globe,pumpkin-lantern,万圣-南瓜.zip,5.jpg,image,1516619
Halloween Snow Globe,pumpkin-lantern,万圣-南瓜.zip,6.jpg,image,890308
Christmas Snow Globe,classic-angel-lantern,single image,经典天使1(1).png,image,2496216
Christmas Tree,angel-christmas-tree,single image,圣诞树snow globe天使1(1).png,image,2411100
Christmas Snow Globe,church-nativity-lantern,single image,小扁snow globe church1(1).png,image,2687706
